,,Ingredient,Number of Usage
0,0,salt,31117
1,1,onion,23295
2,2,egg,21607
3,3,garlic,21343
4,4,butter,20551
5,5,white sugar,18409
6,6,water,16483
7,7,all purpose flour,15839
8,8,olive oil,14206
9,9,black pepp,13512
10,10,milk,12285
11,11,vanilla extract,10602
12,12,tomato,9826
13,13,vegetable oil,9204
14,14,brown sugar,8450
15,15,chicken broth,7911
16,16,cinnamon,7832
17,17,lemon juice,7670
18,18,baking powd,6367
19,19,baking soda,5617
20,20,potato,5522
21,21,parsley,5215
22,22,carrot,5046
23,23,white vinegar,4891
24,24,soy sauc,4611
25,25,cheddar chees,4521
26,26,parmesan chees,4428
27,27,cream chees,4100
28,28,celeri,4069
29,29,sour cream,3852
30,30,lemon,3810
31,31,chicken,3638
32,32,cilantro,3560
33,33,mushroom,3538
34,34,nutmeg,3430
35,35,cayenne pepp,3423
36,36,beef,3414
37,37,cumin,3392
38,38,honey,3381
39,39,oregano,3322
40,40,ginger,3284
41,41,confectioners' sugar,3276
42,42,mayonnais,3253
43,43,unsalted butt,3175
44,44,bacon,3166
45,45,paprika,3142
46,46,basil,3139
47,47,walnut,2874
48,48,chocolate chip,2812
49,49,cooking spray,2678
50,50,thyme,2589
51,51,sugar,2571
52,52,cornstarch,2559
53,53,bread crumb,2551
54,54,green pepp,2539
55,55,worcestershire sauc,2423
56,56,appl,2296
57,57,chili powd,2295
58,58,clove,2268
59,59,oat,2196
60,60,pecan,2132
61,61,chees,2085
62,62,coconut milk,2080
63,63,heavy cream,2070
64,64,white bread,1991
65,65,mozzarella chees,1989
66,66,lime,1986
67,67,sesame oil,1956
68,68,jalapeno pepp,1943
69,69,coconut,1922
70,70,banana,1921
71,71,cocoa powd,1918
72,72,almond,1874
73,73,orang,1828
74,74,zucchini,1770
75,75,orange juice,1756
76,76,onion powd,1722
77,77,raisin,1692
78,78,shorten,1670
79,79,heavy whipping cream,1626
80,80,yogurt,1587
81,81,shrimp,1563
82,82,flour,1559
83,83,pumpkin se,1542
84,84,rosemari,1535
85,85,spinach,1535
86,86,margarin,1488
87,87,chocol,1481
88,88,chile pepp,1464
89,89,strawberri,1446
90,90,ketchup,1417
91,91,balsamic vinegar,1395
92,92,avocado,1333
93,93,apple cider vinegar,1327
94,94,buttermilk,1325
95,95,dijon mustard,1321
96,96,mustard,1291
97,97,bread,1277
98,98,pineappl,1276
99,99,cucumb,1219
100,100,canola oil,1200
101,101,bean,1168
102,102,cabbag,1168
103,103,dry yeast,1152
104,104,dried cranberri,1145
105,105,pepper sauc,1140
106,106,blueberri,1121
107,107,oil,1096
108,108,maple syrup,1096
109,109,shallot,1078
110,110,curry powd,1071
111,111,italian season,1049
112,112,ginger root,1049
113,113,whole wheat flour,1039
114,114,bell pepp,1009
115,115,whipped top,1004
116,116,ham,994
117,117,turmer,991
118,118,peanut,972
119,119,almond m,969
120,120,feta chees,962
121,121,allspic,958
122,122,bay leaf,905
123,123,corn syrup,891
124,124,turkey,890
125,125,bay leav,883
126,126,almond extract,862
127,127,black ol,855
128,128,beef broth,831
129,129,salsa,815
130,130,coriand,812
131,131,mushroom soup,809
132,132,sage,799
133,133,dry white win,764
134,134,molass,746
135,135,applesauc,745
136,136,chive,744
137,137,dill,726
138,138,white pepp,724
139,139,rice,721
140,140,cherri,718
141,141,pea,714
142,142,beer,714
143,143,kidney bean,708
144,144,creami,708
145,145,flour tortilla,697
146,146,white onion,686
147,147,sausag,678
148,148,cauliflow,673
149,149,broccoli,663
150,150,ricotta chees,661
151,151,basil leav,659
152,152,cherry tomato,645
153,153,cake,643
154,154,rum,638
155,155,pie crust,635
156,156,mint,629
157,157,green onion,622
158,158,red pepp,621
159,159,marshmallow,611
160,160,tofu,597
161,161,kernel corn,596
162,162,vodka,594
163,163,pepper,594
164,164,pork,593
165,165,dill we,586
166,166,pasta,586
167,167,noodl,562
168,168,red win,548
169,169,bread flour,548
170,170,eggplant,548
171,171,dry mustard,530
172,172,cornmeal,525
173,173,peach,522
174,174,pineapple juice,522
175,175,raspberri,521
176,176,pork chop,519
177,177,salmon,513
178,178,asparagu,512
179,179,cereal,507
180,180,cream of tartar,506
181,181,spaghetti,502
182,182,pork sausag,502
183,183,red bell pepp,499
184,184,browni,497
185,185,black peppercorn,477
186,186,date,471
187,187,quinoa,470
188,188,broccoli floret,466
189,189,artichoke heart,463
190,190,taco season,460
191,191,vanilla pud,455
192,192,cottage chees,448
193,193,cardamom,443
194,194,tuna,442
195,195,leek,440
196,196,onion soup,437
197,197,caper,436
198,198,barbeque sauc,434
199,199,salad dress,434
200,200,egg noodl,430
201,201,butternut squash,426
202,202,kale,418
203,203,gelatin,409
204,204,tortilla,407
205,205,macaroni,400
206,206,blue chees,397
207,207,coffe,392
208,208,tarragon,390
209,209,mango,390
210,210,garbanzo bean,390
211,211,cashew,387
212,212,veget,382
213,213,pastri,378
214,214,cake flour,374
215,215,horseradish,368
216,216,cumin se,364
217,217,spinach leav,364
218,218,cow milk,363
219,219,chipotle pepp,357
220,220,goat chees,353
221,221,scallion,353
222,222,cajun season,353
223,223,mint leav,346
224,224,marjoram,343
225,225,mustard powd,339
226,226,flax se,335
227,227,garam masala,329
228,228,penne pasta,329
229,229,chickpea,329
230,230,crabmeat,326
231,231,pineapple chunk,324
232,232,spaghetti sauc,323
233,233,celery se,322
234,234,poultry season,321
235,235,granul,320
236,236,liqueur,317
237,237,spray,315
238,238,golden raisin,314
239,239,whipped cream,308
240,240,romaine lettuc,307
241,241,cracker,306
242,242,oliv,303
243,243,pear,302
244,244,dress,301
245,245,aluminum foil,299
246,246,salmon fillet,299
247,247,poppy se,297
248,248,graham cracker crumb,294
249,249,rhubarb,293
250,250,green chil,289
251,251,hamburger bun,289
252,252,beet,288
253,253,thyme leav,286
254,254,water chestnut,286
255,255,pork loin,284
256,256,brandi,284
257,257,yellow squash,283
258,258,pork tenderloin,283
259,259,chia se,282
260,260,celery salt,280
261,261,flavor,280
262,262,lentil,279
263,263,tortilla chip,276
264,264,apple cid,274
265,265,puff pastri,273
266,266,provolone chees,267
267,267,lemon pepp,265
268,268,chili sauc,265
269,269,sriracha sauc,264
270,270,beef chuck,261
271,271,tahini,261
272,272,curry past,260
273,273,american chees,258
274,274,sunflower se,258
275,275,beef bouillonni,255
276,276,mustard se,254
277,277,apricot,253
278,278,seafood season,251
279,279,yeast,249
280,280,baby spinach,248
281,281,blackberri,247
282,282,graham cracker crust,245
283,283,lemon extract,242
284,284,dry sherri,242
285,285,whipping cream,239
286,286,dill pickl,239
287,287,bean sprout,238
288,288,fennel se,237
289,289,grape tomato,236
290,290,mexican chees,234
291,291,vanilla,234
292,292,chicken egg,232
293,293,agave nectar,231
294,294,prosciutto,231
295,295,graham crack,230
296,296,marinara sauc,230
297,297,sauerkraut,227
298,298,cheese food,226
299,299,parmigiano-reggiano chees,225
300,300,pecan halv,224
301,301,lettuc,221
302,302,brussels sprout,219
303,303,teriyaki sauc,212
304,304,wheat germ,212
305,305,beef stock,210
306,306,chicken bouillon,210
307,307,caraway se,210
308,308,rice wine vinegar,210
309,309,cranberry sauc,209
310,310,pie shel,207
311,311,tequila,206
312,312,lamb,205
313,313,romano chees,204
314,314,pork should,204
315,315,shiitake mushroom,197
316,316,chocolate pud,197
317,317,celery soup,197
318,318,enchilada sauc,195
319,319,hoisin sauc,194
320,320,toothpick,193
321,321,watermelon,193
322,322,hazelnut,192
323,323,cheese blend,192
324,324,coffee granul,190
325,325,cranberry juice,187
326,326,pepperoni,187
327,327,habanero pepp,186
328,328,gruyere chees,185
329,329,green chili,184
330,330,chocolate syrup,184
331,331,corn kernel,183
332,332,rotini pasta,182
333,333,saltine crack,182
334,334,pesto,182
335,335,â…›,182
336,336,radish,180
337,337,cooki,179
338,338,parsnip,174
339,339,couscou,174
340,340,okra,173
341,341,nutritional yeast,173
342,342,grape,171
343,343,mascarpone chees,171
344,344,barbecue sauc,169
345,345,iceberg lettuc,168
346,346,coriander se,166
347,347,baguett,166
348,348,basmati ric,165
349,349,clam,165
350,350,dry red win,164
351,351,rice flour,164
352,352,linguine pasta,164
353,353,pizza sauc,163
354,354,spaghetti squash,162
355,355,milk powd,162
356,356,fluid,162
357,357,vanilla yogurt,160
358,358,poblano pepp,160
359,359,mirin,160
360,360,sec,159
361,361,currant,159
362,362,hair pasta,158
363,363,fig,157
364,364,season,155
365,365,carbonated beverag,154
366,366,barley,154
367,367,crescent rol,153
368,368,pasta sauc,152
369,369,white chocol,151
370,370,corn oil,151
371,371,arugula,151
372,372,serrano pepp,149
373,373,apricot preserv,148
374,374,orange liqueur,148
375,375,cauliflower floret,147
376,376,wonton wrapp,146
377,377,creole season,145
378,378,bourbon,144
379,379,cooking oil,144
380,380,grapeseed oil,144
381,381,turnip,143
382,382,tomatillo,143
383,383,butterscotch chip,142
384,384,ghee,142
385,385,salad green,142
386,386,portobello mushroom,140
387,387,pimento pepp,139
388,388,steak sauc,138
389,389,lard,138
390,390,squash,137
391,391,maraschino cherri,136
392,392,sauc,136
393,393,beef brisket,136
394,394,lemonade concentr,135
395,395,sweet potato,135
396,396,italian sausag,135
397,397,beef stewni,135
398,398,orzo pasta,134
399,399,amaretto liqueur,134
400,400,flank steak,134
401,401,arborio ric,134
402,402,cocktail,134
403,403,pizza crust,133
404,404,rice noodl,133
405,405,minut,133
406,406,spice,132
407,407,herbes de prov,132
408,408,ginger al,132
409,409,avocado oil,132
410,410,almond biscotti,132
411,411,macadamia nut,131
412,412,orange marmalad,131
413,413,sherri,131
414,414,club soda,130
415,415,chile past,130
416,416,wild ric,129
417,417,gouda chees,129
418,418,cream liqueur,128
419,419,chile powd,128
420,420,creme,127
421,421,anchovi,126
422,422,chorizo sausag,126
423,423,jasmine ric,125
424,424,peppermint extract,125
425,425,fruit,125
426,426,snow pea,125
427,427,chile,124
428,428,venison,123
429,429,tilapia,123
430,430,kielbasa sausag,122
431,431,gin,121
432,432,turkey breast,121
433,433,extract,121
434,434,simple syrup,121
435,435,miso past,121
436,436,asparagus spear,120
437,437,biscuit dough,119
438,438,saffron,118
439,439,creme fraich,118
440,440,acorn squash,118
441,441,raspberry jam,117
442,442,coconut extract,116
443,443,schnapp,116
444,444,beef sirloin,115
445,445,imitation crabmeat,114
446,446,whiskey,114
447,447,dog,114
448,448,pizza dough,114
449,449,chicken salad,113
450,450,bourbon whiskey,113
451,451,brie chees,112
452,452,cocoa,111
453,453,dry lentil,111
454,454,sirloin,111
455,455,onion salt,111
456,456,prune,111
457,457,pepperjack chees,109
458,458,crouton,109
459,459,sake,108
460,460,orange peel,108
461,461,chocolate cak,106
462,462,mace,106
463,463,yellow cornm,106
464,464,marsala win,105
465,465,vanilla waf,105
466,466,pistachio nut,105
467,467,dijon-style mustard,104
468,468,cod fillet,104
469,469,asiago chees,104
470,470,processed chees,103
471,471,fettuccine pasta,103
472,472,lemon peel,103
473,473,chili bean,103
474,474,onion flak,103
475,475,lima bean,102
476,476,cardamom pod,101
477,477,red grap,101
478,478,protein powd,101
479,479,chile sauc,101
480,480,jalapeno,100
481,481,skewer,100
482,482,baked chicken tend,100
483,483,neufchatel chees,100
484,484,candi,99
485,485,curry leav,99
486,486,anise se,99
487,487,kiwi,98
488,488,cotija chees,98
489,489,plum,96
490,490,elbow macaroni,96
491,491,basil pesto,96
492,492,sweet corn,96
493,493,sage leav,96
494,494,cheese tortellini,96
495,495,adobo season,95
496,496,edamam,95
497,497,champagn,95
498,498,potato starch,94
499,499,salami,94
500,500,sea scallop,93
501,501,phyllo dough,93
502,502,andouille sausag,93
503,503,red pepper flak,92
504,504,jicama,91
505,505,eggnog,91
506,506,stevia powd,90
507,507,oyster,90
508,508,fennel,90
509,509,chicken drumstick,90
510,510,pecorino romano chees,90
511,511,pineapple tidbit,89
512,512,choy,89
513,513,ginger past,89
514,514,savori,88
515,515,vanilla sugar,88
516,516,rice win,88
517,517,pasta shel,86
518,518,strawberry flavor,85
519,519,lemon grass,84
520,520,leaf lettuc,84
521,521,bacon drip,84
522,522,bread cub,84
523,523,allspice berri,84
524,524,tamari,83
525,525,green cabbag,83
526,526,cantaloup,83
527,527,caramel,83
528,528,turkey sausag,83
529,529,chipotle chile powd,82
530,530,mussel,82
531,531,greek season,82
532,532,cream top,82
533,533,white mushroom,81
534,534,yam,81
535,535,bouillon,81
536,536,pork sparerib,81
537,537,pinto bean,81
538,538,honey mustard,81
539,539,tilapia fillet,80
540,540,apple pi,80
541,541,cinnamon sugar,80
542,542,sazon season,80
543,543,sugar snap pea,79
544,544,roll,78
545,545,picante sauc,78
546,546,lemon-pepper season,78
547,547,bread round,78
548,548,liquid smok,78
549,549,oat bran,77
550,550,fennel bulb,77
551,551,scallop,77
552,552,grenadine syrup,77
553,553,pimento,77
554,554,fruit pectin,77
555,555,fontina chees,77
556,556,wheat pastry flour,76
557,557,candy sprinkl,76
558,558,pistachio,75
559,559,halibut,75
560,560,espresso powd,75
561,561,dry milk powd,75
562,562,chard,74
563,563,orange extract,74
564,564,broth,74
565,565,meat,73
566,566,pretzel,73
567,567,limeade concentr,72
568,568,lemongrass,72
569,569,ham hock,72
570,570,strawberry jam,72
571,571,pepperoni sausag,72
572,572,grapefruit juice,71
573,573,spelt flour,71
574,574,green,71
575,575,pomegranate juice,71
576,576,bit,70
577,577,stuf,70
578,578,apricot jam,70
579,579,collard green,69
580,580,fruit cocktail,69
581,581,oatmeal,69
582,582,rutabaga,69
583,583,dry vermouth,68
584,584,rice cer,68
585,585,chocolate-hazelnut,68
586,586,grit,67
587,587,pancetta,67
588,588,rigatoni pasta,67
589,589,turkey bacon,67
590,590,ancho chile powd,67
591,591,bok choy,67
592,592,pomegranate se,66
593,593,guacamol,66
594,594,bread stuf,65
595,595,lobster tail,65
596,596,raspberry preserv,65
597,597,bamboo shoot,64
598,598,wheat bran,64
599,599,portobello,64
600,600,bamboo skew,64
601,601,sirloin steak,63
602,602,sprinkl,63
603,603,dry bread crumb,63
604,604,devil's food,63
605,605,espresso,62
606,606,beef tenderloin,62
607,607,gochujang,62
608,608,chocolate frost,62
609,609,port win,61
610,610,polenta,61
611,611,cereal squar,61
612,612,rosemary leav,61
613,613,white potato,61
614,614,sunflower seed oil,61
615,615,white,60
616,616,queso fresco,60
617,617,bay scallop,60
618,618,star anise pod,59
619,619,wheat tortilla,59
620,620,chuck,59
621,621,rose wat,59
622,622,link,59
623,623,potato nugget,59
624,624,grapefruit,59
625,625,saffron thread,58
626,626,granola,58
627,627,cooking sherri,58
628,628,sourdough start,58
629,629,browning sauc,58
630,630,tart shel,57
631,631,nori,57
632,632,mango chunk,57
633,633,cherry juice,56
634,634,semolina flour,56
635,635,wood chip,56
636,636,lime leav,56
637,637,chipotle chil,56
638,638,sweet,56
639,639,soup,55
640,640,pork butt,55
641,641,cube,55
642,642,chili season,55
643,643,baking mix,55
644,644,chili,55
645,645,cheddar cheese soup,55
646,646,parchment pap,55
647,647,watercress,55
648,648,bitter,55
649,649,crab meat,54
650,650,blend,54
651,651,vanilla protein powd,54
652,652,nectarin,54
653,653,mozzarella,53
654,654,colby chees,53
655,655,stevia,53
656,656,buckwheat flour,53
657,657,bread dough,53
658,658,lemonade,53
659,659,wheat gluten,53
660,660,turkey meat,52
661,661,salsa verde,52
662,662,orange seg,52
663,663,herb,52
664,664,chili oil,52
665,665,corn tortilla,52
666,666,white corn,52
667,667,fajita season,51
668,668,chickpea flour,51
669,669,bacon greas,51
670,670,dill pickle juice,51
671,671,matzo m,51
672,672,arrowroot powd,51
673,673,pretzel crisp,50
674,674,cocktail sauc,50
675,675,beef consomm,50
676,676,ham bone,50
677,677,muenster chees,50
678,678,hoagie rol,50
679,679,coffee powd,50
680,680,instant rice,50
681,681,wrapped caramel,49
682,682,arugula,49
683,683,wooden skew,49
684,684,veal,48
685,685,whipped cream chees,48
686,686,banana bread,48
687,687,stick,47
688,688,apple butt,47
689,689,chicken bouillon powd,47
690,690,white homini,47
691,691,lobster meat,47
692,692,pork belli,47
693,693,chocolate candi,47
694,694,ziti pasta,46
695,695,masa harina,46
696,696,sweet pickl,46
697,697,taco shel,46
698,698,jigger vodka,46
699,699,kiss,46
700,700,lemon-lime soda,46
701,701,cheese sauc,46
702,702,agave syrup,46
703,703,cognac,45
704,704,orange bell pepp,45
705,705,wasabi past,45
706,706,pork roast,45
707,707,tamarind past,45
708,708,green salsa,45
709,709,farro,44
710,710,buttermilk bak,44
711,711,star anis,44
712,712,wine,44
713,713,bulgur,44
714,714,fettuccin,43
715,715,sugar pumpkin,43
716,716,leaf,43
717,717,gingersnap cooki,43
718,718,beef short,43
719,719,chocolate-hazelnut spread,43
720,720,bacon strip,43
721,721,kimchi,43
722,722,pork rib,43
723,723,ditalini pasta,43
724,724,burgundy win,42
725,725,sour cherri,42
726,726,pastry shells,42
727,727,brown lentil,42
728,728,steak,42
729,729,apple pie spice,42
730,730,mango chutney,42
731,731,vermouth,42
732,732,trout,42
733,733,honeydew melon,41
734,734,tapioca flour,41
735,735,packet,41
736,736,hemp seeds,41
737,737,havarti chees,41
738,738,hazelnut liqueur,41
739,739,heirloom tomato,41
740,740,plantain,41
741,741,alfredo sauc,41
742,742,biscuit,41
743,743,grape juice,41
744,744,turkey gravy,41
745,745,pineapple r,41
746,746,green tea powder,41
747,747,pepperoncini pepper,41
748,748,grape jelli,41
749,749,coffee bean,40
750,750,chayote squash,40
751,751,fri,40
752,752,harissa,40
753,753,kale leav,40
754,754,sweet pepp,40
755,755,ancho chile pepp,40
756,756,sorghum flour,39
757,757,baby corn,39
758,758,corn,39
759,759,mozzarella bal,39
760,760,caramel sauc,39
761,761,all-purpose flour,39
762,762,lamb should,39
763,763,dry mustard powder,39
764,764,beef bas,39
765,765,cooking win,38
766,766,corn chip,38
767,767,anchovy paste,38
768,768,green tomato,38
769,769,chocolate morsel,38
770,770,cracker crumb,37
771,771,fava bean,37
772,772,prawn,37
773,773,fusilli pasta,37
774,774,creme de menth,37
775,775,egg whit,37
776,776,breadcrumb,37
777,777,pancetta bacon,37
778,778,ham steak,37
779,779,vanilla bean paste,37
780,780,cake mix,37
781,781,beef round,37
782,782,baby arugula,37
783,783,ginger-garlic paste,37
784,784,chop,37
785,785,chili paste,37
786,786,cheese spread,37
787,787,luncheon meat,36
788,788,monterey jack cheese,36
789,789,beef oxtail,36
790,790,black-eyed pea,36
791,791,hungarian paprika,36
792,792,artichoke,36
793,793,bay season,36
794,794,pomegranate,36
795,795,mahi fillet,36
796,796,soba noodl,36
797,797,bread rol,36
798,798,red bean,36
799,799,catfish fillet,36
800,800,lemon flavor,36
801,801,flaxseed,35
802,802,udon noodle,35
803,803,orange flavor,35
804,804,radicchio,35
805,805,jalapeno chil,35
806,806,potato gnocchi,35
807,807,cookie crumb,35
808,808,creme de cacao,35
809,809,quarts oil,35
810,810,chocolate cookie crumb,35
811,811,orange sherbet,35
812,812,unsalted peanut,35
813,813,dinner roll,34
814,814,apricot nectar,34
815,815,linguini pasta,34
816,816,fruit jam,34
817,817,mexican crema,34
818,818,turmeric powd,34
819,819,persimmon,34
820,820,fish stock,34
821,821,buffalo wing sauc,34
822,822,millet,34
823,823,english,34
824,824,chili pepp,34
825,825,white cooking win,34
826,826,homini,34
827,827,tea bag,34
828,828,strawberry preserv,34
829,829,*,34
830,830,pillsburi,33
831,831,muffin,33
832,832,cornbread,33
833,833,chocolate cooki,33
834,834,tuna pack,33
835,835,pie filling,33
836,836,peppermint candi,33
837,837,mustard green,33
838,838,chip,33
839,839,papaya,33
840,840,game hen,33
841,841,squid,33
842,842,tarragon vinegar,32
843,843,cacao powder,32
844,844,sourdough bread,32
845,845,champagne vinegar,32
846,846,candy cane,32
847,847,petite pea,32
848,848,sausage link,32
849,849,candy bar,32
850,850,hummus,32
851,851,artificial sweeten,32
852,852,chorizo,32
853,853,fenugreek se,32
854,854,beef flank,32
855,855,galang,32
856,856,pink lemonad,32
857,857,broccoli rab,32
858,858,halloumi chees,32
859,859,banana liqueur,32
860,860,daikon radish,32
861,861,pistachio pud,31
862,862,raspberry flavor,31
863,863,mexico,31
864,864,safflower oil,31
865,865,vanilla wafer crumb,31
866,866,marshmallow cream,31
867,867,sofrito,31
868,868,gnocchi,31
869,869,sucrolose sweeten,31
870,870,farfalle pasta,31
871,871,buttery spread,31
872,872,chestnut,31
873,873,chardonnay win,31
874,874,crust,30
875,875,pickl,30
876,876,oelek,30
877,877,garlic granul,30
878,878,tostada shel,30
879,879,linguin,30
880,880,celery root,30
881,881,halibut fillet,30
882,882,spice cak,30
883,883,pancake mix,30
884,884,swordfish,30
885,885,genoa salami,30
886,886,butter lettuc,30
887,887,roll dough,30
888,888,black walnut,29
889,889,salt pork,29
890,890,italian dress,29
891,891,file powd,29
892,892,mushroom cap,29
893,893,beef roast,29
894,894,raspberry vinegar,29
895,895,wheat,29
896,896,rib,29
897,897,thick,29
898,898,lamb shank,29
899,899,catfish,29
900,900,soy flour,29
901,901,turkey leg,29
902,902,skirt steak,29
903,903,chile oil,29
904,904,cheese ravioli,28
905,905,cardamom se,28
906,906,mexican b,28
907,907,raspberry vinaigrett,28
908,908,spread,28
909,909,italian bread,28
910,910,jar,28
911,911,persimmon pulp,28
912,912,turkey broth,28
913,913,merlot win,28
914,914,crawfish tail,28
915,915,ancho chil,28
916,916,black lentil,28
917,917,escarol,28
918,918,egg rol,28
919,919,pepita,28
920,920,spicy mustard,28
921,921,bison,27
922,922,lamb chop,27
923,923,salad shrimp,27
924,924,irish whiskey,27
925,925,liquid amino,27
926,926,baking chip,27
927,927,jalapeno chile pepp,27
928,928,blood orang,27
929,929,stock,27
930,930,cod,27
931,931,bagel season,27
932,932,horseradish sauc,27
933,933,kitchen twin,27
934,934,chicken tenderloin,27
935,935,peach preserv,27
936,936,chile flak,26
937,937,paneer,26
938,938,beef sirloin steak,26
939,939,mexican blend chees,26
940,940,turnip green,26
941,941,crust dough,26
942,942,beef gravi,26
943,943,unsalted sunflower se,26
944,944,turkey stock,26
945,945,chervil,26
946,946,marinad,26
947,947,wax bean,26
948,948,kaiser rol,26
949,949,chocolate liqueur,26
950,950,dill se,26
951,951,orecchiette pasta,26
952,952,chocolate drink,26
953,953,grill season,26
954,954,stuffing mix,26
955,955,bran cer,26
956,956,pud,26
957,957,liquid pectin,26
958,958,chocolate chunk,26
959,959,bosc pear,26
960,960,marzipan,26
961,961,egg replac,26
962,962,wheat berri,26
